96519,elit,81959
82941,et,2657
70283,Aliquam,23138
55745,Cras,50445
30427,erat.,52013
54123,mollis,15277
84995,eget,41970
44849,Nulla,21952
77147,lorem,41858
15640,metus,47766
78831,interdum.,49502
87208,iaculis,55347
44362,eros,99655
30383,semper,1226
82941,pede,18561
34279,interdum,96535
80297,fermentum,80267
61707,sagittis.,17977
9098,Morbi,78967
78452,Aenean,33562
2108,Proin,34153
82941,a,25634
9464,nonummy,63576
66434,pharetra.,85995
74016,nulla.,71347
82941,adipiscing,68387
82941,turpis,89603
82941,varius,49734
82941,adipiscing,76989
82941,ultrices,39485
82941,mollis.,83309
82941,odio,1079
82941,faucibus.,33119
82941,ut,27230
82941,ipsum,87662
82941,vel,57792
82941,nec,50816
82941,turpis,88191
82941,sit,12566
82941,fringilla,51063
82941,sagittis,2604
82941,non,5061
82941,sit,33619
82941,nisl.,31321
82941,eget,5899
82941,est,30343
82941,torquent,82221
82941,cursus.,16434
82941,diam.,96883
82941,sit,43264
82941,enim,18487
82941,justo,63370
82941,ut,44123
82941,rhoncus,51248
82941,Fusce,46152
82941,pellentesque.,7677
82941,felis,79174
82941,et,84420
82941,quis,99626
40746,pede,67337
53123,accumsan,97048
27418,mauris.,73534
71342,Integer,30102
97535,enim,88254
8742,eget,2488
93002,at,27898
8526,vitae,23346
54133,volutpat,71623
27222,Suspendisse,7097
93436,arcu.,56329
73257,tincidunt,18141
25308,egestas,97731
10591,feugiat,99994
16119,Nunc,99343
90819,nec,97257
55133,gravida,55169
23333,ante.,63969
57970,elit,40583
44810,mauris.,73311
44169,fringilla,55674
33791,non,76799
42120,at,5271
81796,diam.,80408
91615,semper,12930
68170,felis,77396
41928,tempor,4564
72963,nec,33637
68698,nisl,28945
79429,mattis,14252
18767,molestie,93765
12122,posuere,13109
45242,est,58343
8231,aliquet,74214
62362,elit,95931
90908,vitae,68608
72470,in,93522
54992,metus.,42396
82168,Quisque,5805
15468,vel,84805
16375,tortor,20098
74339,magna.,2080
51501,metus,52745
22859,et,90721
64783,ullamcorper.,86890
55673,et,24054
58733,blandit.,38222
19210,Aliquam,20911
51103,Curabitur,40436
13424,volutpat.,35301
46086,dui,90830
75250,Duis,30600
92618,tristique,59984
84621,ullamcorper.,38723
37743,ornare.,31118
1702,Vivamus,47595
5164,Nullam,58413
5240,morbi,1470
6928,nisl,99952
87511,nisl.,43323
36935,bibendum.,30869
5358,Fusce,43402
89826,ligula,35347
61569,est,55871
41561,ligula.,82207
34316,est,88661
33197,ac,10414
13240,nisl.,60079
28993,Curabitur,86401
1896,Curae,32409
99166,mauris,39254
59694,Sed,37568
15169,diam,48172
96101,augue,8180
97991,purus.,20101
83678,Fusce,50075
41272,diam,99821
88303,in,91532
4386,ullamcorper.,10037
67932,tempor,38151
90693,ipsum.,77904
6580,malesuada,17376
86329,feugiat,96429
79504,Curabitur,4183
78910,ornare.,34345
6710,interdum.,74158
89583,parturient,29382
77412,luctus,36844
98590,nec,23432
4352,enim,46231
70248,Phasellus,37196
90705,Nam,40056
53310,a,97753
86534,per,54583
51567,ornare.,20645
37004,lorem,31323
91215,penatibus,31290
16379,neque,64259
78597,enim.,11158
905,Suspendisse,67110
36869,Fusce,51284
178,ultrices,44287
18808,sit,21186
31739,ornare.,81615
80330,Cras,91936
50196,ligula.,18996
33442,Pellentesque,48720
26603,risus.,41061
63273,est,7723
87072,aliquet,77792
2920,gravida,5730
38251,ac,93998
67863,egestas,98746
44566,Morbi,48862
54109,est,62791
44500,id,11048
23664,eget,38219
89796,tellus,41035
3718,Phasellus,16637
67105,velit,58764
8810,dolor.,38383
97480,dui.,30343
14392,Suspendisse,67230
15949,erat,90935
43995,imperdiet,18725
17633,lectus,41445
82764,Sed,91886
95971,eget,47916
57741,risus.,16423
62888,nonummy.,23899
90387,lacus.,82309
3072,quis,99038
74699,Sed,62973
48596,mauris,95524
71094,elit,9266
18273,commodo,20141
37513,feugiat,71613
19767,ipsum,52976
32551,lectus,79397
51550,Etiam,99736
28233,montes,69102
77563,ligula.,11621
5458,parturient,71117
90979,gravida,34406
52755,arcu.,55886
76013,adipiscing,76913
17132,sociis,57409
13051,augue,59442
88670,orci.,20578
6206,elit,32085
24535,ultricies,1277
5775,amet,55258
83082,rutrum.,30972
35210,ultrices,92116
58186,id,48345
666,consectetuer,86621
25372,vulputate,63799
14101,ut,70131
40808,a,66758
31728,non,45124
92685,luctus,94137
61654,ac,45616
97744,cursus,38283
38605,quam,11814
49631,aliquet,97344
76705,consectetuer,35160
30446,mi,86456
47972,sem.,20739
80466,amet,69591
73269,luctus,57943
47127,velit,62441
98837,mattis,83557
4204,Fusce,66871
7235,pede,9832
80243,eget,51122
59556,aliquet,9220
26862,vestibulum,76512
31429,risus.,88101
48714,orci,88169
68168,lobortis,22938
65084,nisi,35717
83396,Aliquam,3678
47561,primis,40531
94665,Cras,9119
37600,pharetra,48950
97965,Donec,7964
91626,vehicula,30449
46349,Mauris,4773
11020,Mauris,19531
44154,ipsum.,26707
81487,Etiam,40567
46058,nonummy,28051
84993,tellus,57205
40480,eget,71046
6445,ante.,83383
65599,a,8741
80367,dictum,11609
53043,Phasellus,92381
28185,pede.,37425
88324,sollicitudin,45535
14870,enim,50116
54228,auctor,26285
97948,Suspendisse,52047
51474,nec,23487
94054,Cum,7229
19637,Sed,49598
9751,lorem,5168
89590,Proin,60835
21454,Nulla,2650
46597,lorem,12877
99186,eleifend,84396
24464,odio,64876
45174,sed,8094
16628,pellentesque,17410
73898,volutpat.,58310
54405,vitae,37493
7747,lorem,25569
57860,in,78891
89774,imperdiet,97613
89814,mollis,12101
53219,sem,80029
65337,bibendum,88353
9992,volutpat.,91103
41274,justo,4170
84585,turpis,55096
34936,diam,26391
5431,non,87434
41379,auctor,35409
69089,nisi,76145
77355,vulputate,73665
94696,aliquam,57287
99800,pede,50150
7960,Sed,66154
76357,ornare,7299
12988,lectus,3553
81544,ornare,55372
20828,massa.,2936
83348,Integer,39682
61683,Pellentesque,36513
25612,convallis,9794
81407,euismod,40430
28288,congue,28787
57788,egestas.,97846
92397,justo,26017
11226,libero.,81325
47044,ante,90172
1513,Nullam,15143
153,ultricies,60101
96635,lorem,34796
47511,turpis.,33535
82103,tellus.,89024
84013,auctor,8452
36956,rutrum,81031
51226,cursus.,50941
42046,varius,30553
62948,nunc,55145
73022,Cras,30946
30433,quis,27161
72588,molestie,84818
36945,Duis,24145
66935,nascetur,18653
93634,adipiscing,65848
92485,montes,94902
17267,Vivamus,61371
14583,et,43868
35756,Proin,24794
47705,Donec,78318
64849,Mauris,12994
60036,placerat,41291
10551,eu,45473
20180,vel,37421
16283,lorem,65807
76297,diam,46351
89992,sed,53318
17217,id,22605
42940,enim.,37681
82518,eu,77680
54772,eget,67953
879,metus,73160
20204,arcu,14394
30167,at,95060
78530,auctor,60906
12978,natoque,23192
23952,augue,4915
35791,Proin,61991
41967,amet,23164
57545,Cum,53876
19792,lectus.,82288
26160,nunc.,21474
11598,Pellentesque,54613
56412,Quisque,44308
8234,Vivamus,92940
55401,auctor,74386
39684,iaculis,89601
76910,Donec,70125
45029,dictum.,44286
61030,scelerisque,75608
69469,vestibulum,82010
49972,Nam,24015
42966,nibh,85562
20852,mus.,59154
29546,felis,2164
17253,consectetuer,75898
988,fermentum,77924
55076,nisl,35597
81783,condimentum.,58604
22382,Cum,25890
3474,Mauris,58966
15024,habitant,12749
13844,nec,75031
91786,vitae,90461
71898,velit.,26345
91636,placerat,62910
67450,Vivamus,31409
69241,cursus,39839
87598,odio.,97376
39250,velit,81474
99945,sem,9055
73358,arcu.,7036
88693,gravida.,36098
48015,Proin,12057
85992,Mauris,48163
36837,Morbi,62823
4120,scelerisque,61988
94596,enim.,99328
98106,tellus,13483
25759,eros,75683
12473,elit.,7794
69898,dictum,28247
85998,Duis,37162
90649,Vivamus,72630
51695,non,53672
11439,egestas,41229
52977,et,26838
63976,morbi,19187
98669,ultrices,31073
58855,tempor,50820
56479,mauris,92939
57810,Morbi,88332
77982,Nulla,92221
2568,nunc.,29336
71381,Donec,32344
52468,nulla,40717
19364,molestie.,6259
55162,nec,10736
26240,ac,74776
97318,interdum,38270
6000,magna.,80680
3929,vel,96708
83857,egestas.,23308
58935,interdum,55413
66188,eu,30399
77608,imperdiet,70786
34181,iaculis,14442
78917,nec,24290
85663,Cras,31701
42378,Curabitur,94520
76064,ligula.,34939
40361,Nunc,68312
81408,mauris,91525
42999,sollicitudin,83981
1870,scelerisque,13555
80035,mus.,43541
26742,magnis,39589
30759,Donec,95474
86638,lorem,26687
62552,Donec,74893
32331,malesuada,87792
65863,fermentum,94775
46983,molestie,37714
46576,orci,3071
63377,montes,80986
50059,tellus,72797
12006,a,57172
65881,facilisi.,13886
22579,Mauris,27303
56668,blandit,59940
81098,montes,64354
17651,In,72749
90064,egestas.,32509
56497,Mauris,99836
70969,augue,64708
23096,leo,33974
28704,magna,50464
80096,adipiscing,49728
9160,libero.,39975
47060,sem,75654
55172,consectetuer,21948
53767,et,36908
58729,fames,9830
37860,dis,53200
29373,at,31285
51017,parturient,36756
85487,metus.,80854
74177,ultrices,67511
32994,tellus,10989
77829,arcu.,48053
55569,Nulla,22670
28938,dui.,49374
5870,velit.,9376
74319,velit.,61203
64066,ligula.,32736
48939,Phasellus,19074
15920,vel,84106
78339,orci,22419
20278,metus,29349
10108,molestie.,79527
97392,rhoncus.,26154
12997,ridiculus,5679
49474,faucibus,79315
67861,eleifend.,85302
12351,Donec,27550
47535,dapibus,51478
56268,placerat,50967
28674,Mauris,45833
36910,sem,65891
82016,consectetuer,18646
40157,Donec,86241
42427,lacus.,84398
90998,natoque,85330
83892,tempor,18887
47098,Curabitur,40644
85054,velit.,8436
29088,luctus,15560
2593,tortor.,81917
39284,turpis,44737
85652,risus.,99166
93248,neque,35483
44930,Donec,59789
88613,neque.,5497
46369,in,71139
71363,vel,91206
78683,nisl.,42714
48210,nec,16335
78278,Maecenas,99938
53424,turpis,54623
16210,scelerisque,9075
26718,adipiscing,17238
50455,dapibus,24500
24993,sodales,64104
7806,metus.,70999
