sid,sname
1,Henry
2,Ria
3,Portia
4,Brenden
5,Luke
6,Kirk
7,Barrett
8,Geoffrey
9,Gary
10,Luke
11,Evan
12,Fay
13,Cade
14,Gannon
15,Daryl
16,Ezekiel
17,Lacey
18,Donna
19,Karen
20,Alexa
21,Kellie
22,Ferris
23,Larissa
24,Vaughan
25,Bernard
26,Jillian
27,Ursa
28,Vanna
29,Quin
30,MacKenzie
31,Alan
32,Madaline
33,Phyllis
34,Maggie
35,Moses
36,Joel
37,Sydney
38,Neville
39,Hamish
40,Julian
41,Zenaida
42,Remedios
43,Riley
44,Reuben
45,Murphy
46,Anthony
47,Phelan
48,Stone
49,Idola
50,Wesley
51,Haley
52,Alice
53,Nehru
54,Jaquelyn
55,Hyacinth
56,Uriah
57,Lewis
58,Lane
59,Kai
60,Kellie
61,Pascale
62,Baxter
63,Moana
64,Jaime
65,Otto
66,Jennifer
67,Maya
68,Wanda
69,Miriam
70,Arthur
71,Rashad
72,Caesar
73,Reece
74,Caleb
75,Alfreda
76,Walter
77,Rafael
78,Norman
79,September
80,Lester
81,Alfonso
82,Quinn
83,Jena
84,Evan
85,Ray
86,Iliana
87,Lisandra
88,Carl
89,Shelly
90,Shelly
91,Macaulay
92,Nina
93,Demetria
94,Paula
95,Rina
96,Aurelia
97,Clark
98,Wesley
99,Hedda
100,Wylie
101,Maryam
102,Judith
103,Gareth
104,Dominic
105,Derek
106,Rogan
107,Nissim
108,Gillian
109,Plato
110,Kiara
111,Audrey
112,Harlan
113,Hector
114,Jack
115,Ezra
116,Kirk
117,Sandra
118,Michael
119,Omar
120,Ferdinand
121,Jasmine
122,Ferris
123,Celeste
124,Alexander
125,Alana
126,Benedict
127,Dominic
128,Neville
129,Aaron
130,Karyn
131,Kaye
132,Katelyn
133,Micah
134,Mason
135,Kelsie
136,Scott
137,Ralph
138,Urielle
139,Micah
140,Camilla
141,Roary
142,Aaron
143,Ignatius
144,Nicholas
145,Riley
146,Athena
147,Matthew
148,Pamela
149,Carolyn
150,Kylynn
151,Ignacia
152,Keith
153,John
154,Darius
155,Declan
156,Ashely
157,Knox
158,Ann
159,Clare
160,Savannah
161,Charity
162,Mufutau
163,Stewart
164,Keiko
165,Sean
166,Keegan
167,Brenden
168,Quinn
169,Oleg
170,Sarah
171,Mason
172,Dai
173,Austin
174,Moses
175,Farrah
176,Octavius
177,Catherine
178,Glenna
179,Evan
180,Bertha
181,Kay
182,Sylvester
183,Yardley
184,Jonas
185,Brynn
186,Wylie
187,Isaac
188,Demetria
189,Cora
190,Dacey
191,Clinton
192,Dustin
193,Blaze
194,Eaton
195,Michael
196,Anastasia
197,Ishmael
198,Lev
199,Martha
200,Cruz
201,Nell
202,Oleg
203,May
204,Amber
205,Caryn
206,Halee
207,Cheyenne
208,Kathleen
209,Dolan
210,Dana
211,Beck
212,Ethan
213,May
214,Rooney
215,Mollie
216,Roary
217,Hanna
218,Cameron
219,Graiden
220,Vielka
221,Jamal
222,Wesley
223,Jenette
224,Wynter
225,Chase
226,Uriah
227,Jane
228,Maile
229,Driscoll
230,Aretha
231,Ramona
232,Richard
233,Ora
234,Garth
235,Hoyt
236,Heidi
237,Deborah
238,Chelsea
239,Price
240,Julian
241,Burke
242,Clayton
243,Lucas
244,Justin
245,Keane
246,Byron
247,Rigel
248,Karly
249,Gavin
250,Thor
251,Melinda
252,Timothy
253,August
254,Judah
255,Hyatt
256,Wylie
257,Graiden
258,Ariel
259,Eaton
260,Whilemina
261,Malik
262,David
263,Renee
264,Ciara
265,Adena
266,Sasha
267,Olivia
268,Kelly
269,Farrah
270,Paloma
271,Colette
272,Louis
273,Tad
274,Hadley
275,Phillip
276,Miriam
277,Hyatt
278,Kennan
279,Sylvester
280,Zephania
281,Stella
282,Sophia
283,Ahmed
284,Catherine
285,Alisa
286,Aristotle
287,Raja
288,Gemma
289,Reece
290,Idola
291,Avye
292,Kasimir
293,Abel
294,Ulysses
295,Cairo
296,Bruno
297,Aidan
298,Reuben
299,Tanner
300,Chaim
301,Noelle
302,Tatiana
303,Jameson
304,Seth
305,Isaiah
306,Sybil
307,Wang
308,Lucy
309,Francis
310,Alexa
311,Mariko
312,Myles
313,Lawrence
314,Paki
315,Sade
316,Whoopi
317,Kamal
318,Cameran
319,Tarik
320,Kylie
321,Dominique
322,Marny
323,Marah
324,Clinton
325,Malcolm
326,Gavin
327,Kuame
328,Megan
329,Karleigh
330,Miranda
331,Sara
332,Deirdre
333,Tanek
334,Charissa
335,Brenda
336,Edward
337,Isabella
338,Vanna
339,Isabelle
340,Jayme
341,Jack
342,Finn
343,Dorothy
344,Hiram
345,Lester
346,Amaya
347,Oleg
348,Garth
349,Cole
350,Zachary
351,Shannon
352,Piper
353,Cairo
354,Kamal
355,Hope
356,Kylee
357,Kamal
358,Quynn
359,Emerald
360,Germaine
361,Kyra
362,Quon
363,Dean
364,Veda
365,Judith
366,Zoe
367,Beck
368,Perry
369,Dale
370,Jesse
371,Jared
372,Cooper
373,Arthur
374,Chiquita
375,Anthony
376,Tatum
377,August
378,Brenden
379,Michelle
380,Allen
381,Kasper
382,Keely
383,Reece
384,Zeus
385,Salvador
386,Quon
387,Mark
388,Ashely
389,Chadwick
390,Brielle
391,Ferris
392,Sonia
393,Kaye
394,Shaine
395,Patrick
396,Brianna
397,Griffith
398,Keefe
399,Abel
400,Timothy
401,Breanna
402,Tanek
403,Linus
404,Price
405,Jarrod
406,Gemma
407,Cheryl
408,Rooney
409,Laura
410,Chelsea
411,Evelyn
412,Noel
413,Amery
414,Kennan
415,Cedric
416,Daria
417,Peter
418,Kennedy
419,Allegra
420,Shannon
421,Yoshi
422,Fitzgerald
423,Cade
424,Jenna
425,Gemma
426,Laith
427,Elijah
428,India
429,Cain
430,Lyle
431,Timon
432,Lesley
433,Paul
434,Oscar
435,Raven
436,Kermit
437,Kay
438,Avye
439,Cameron
440,Hashim
441,Teagan
442,Kuame
443,Bryar
444,Keely
445,Howard
446,Ronan
447,Oren
448,Craig
449,Hanae
450,Vincent
451,Karen
452,Justin
453,Jonah
454,Ramona
455,Rhona
456,Hop
457,Nora
458,Ainsley
459,Jerome
460,Fay
461,Nell
462,Marsden
463,Ralph
464,Karyn
465,Hedley
466,Stephen
467,Oren
468,Lois
469,Hasad
470,Jasmine
471,Jamal
472,Leah
473,Forrest
474,Coby
475,Jael
476,Burke
477,Melissa
478,Hu
479,Medge
480,Zelda
481,Henry
482,Larissa
483,Judah
484,Cameron
485,Kiara
486,Ciaran
487,Jayme
488,Abraham
489,Ora
490,Judith
491,Octavius
492,Price
493,Tanisha
494,Chelsea
495,Levi
496,Salvador
497,Timon
498,McKenzie
499,Beck
500,Bryar
501,Brian
502,Tana
503,Sarah
504,Indigo
505,Erica
506,Scott
507,Ruth
508,Marvin
509,Daniel
510,Leigh
511,Chandler
512,Leilani
513,Gloria
514,Ian
515,Isabelle
516,Alexa
517,Daquan
518,Jarrod
519,Kristen
520,Micah
521,Nasim
522,Gabriel
523,Samson
524,Wayne
525,Alan
526,Bruce
527,Lysandra
528,Kaye
529,Isabelle
530,Hakeem
531,Reuben
532,Adam
533,Celeste
534,Adena
535,Fuller
536,Calista
537,Lucius
538,Leroy
539,Imani
540,Penelope
541,Cassady
542,Quinn
543,Kellie
544,Baxter
545,Jaden
546,Autumn
547,Cassady
548,Jerry
549,Zelda
550,Lewis
551,Hayley
552,Alyssa
553,Clayton
554,Leslie
555,Hayfa
556,Vera
557,Jasper
558,Francis
559,Adena
560,Gillian
561,Yvette
562,Joelle
563,Ross
564,Brynn
565,Burton
566,Iola
567,Thor
568,Quinlan
569,Kane
570,Claire
571,Yoshi
572,Hadley
573,Galena
574,Elvis
575,Randall
576,Tad
577,Alana
578,Leslie
579,Driscoll
580,Amelia
581,Drake
582,Brennan
583,Ishmael
584,Edan
585,Jackson
586,Echo
587,Denton
588,Ava
589,Emery
590,Carolyn
591,Elijah
592,Grady
593,Juliet
594,India
595,Vivian
596,Solomon
597,Quinn
598,Aaron
599,Sonia
600,Austin
601,Garrett
602,Kiona
603,Basil
604,Nell
605,Austin
606,Jerome
607,Stuart
608,Kylie
609,Herman
610,Brooke
611,Camille
612,Mufutau
613,Quin
614,Mercedes
615,Bianca
616,Camilla
617,Gil
618,James
619,Chantale
620,Ulric
621,Justina
622,Clementine
623,Lars
624,Justine
625,Miranda
626,Lyle
627,Rajah
628,Boris
629,Brody
630,Tucker
631,Alvin
632,Murphy
633,Aspen
634,Chase
635,Barclay
636,Remedios
637,Shay
638,Kimberly
639,Courtney
640,Lamar
641,Adam
642,Alan
643,Otto
644,Keelie
645,Marcia
646,Reese
647,Heidi
648,Craig
649,Ferdinand
650,Britanney
651,Xanthus
652,Jeremy
653,Akeem
654,Ella
655,Ralph
656,Wynter
657,Veronica
658,Wallace
659,Valentine
660,Emerson
661,Hu
662,Bethany
663,Logan
664,Len
665,Idona
666,Dacey
667,Ross
668,Reuben
669,Wynter
670,Leandra
671,Nelle
672,Brenden
673,Sarah
674,Ivana
675,Zelenia
676,Fiona
677,Alexis
678,Vernon
679,Tara
680,Daphne
681,Fitzgerald
682,Rina
683,Hilary
684,Zorita
685,Allen
686,Carter
687,Rae
688,Sarah
689,Ryder
690,Sebastian
691,Kyra
692,Wallace
693,Roary
694,Kessie
695,Autumn
696,Jermaine
697,Macaulay
698,Nola
699,Preston
700,Alan
